source,line,symbol
shopman/backstage/projections/purchase.py,287,IdempotencyKey
shopman/backstage/services/alerts.py,108,IdempotencyKey
shopman/backstage/services/alerts.py,179,IdempotencyKey
shopman/backstage/services/alerts.py,151,IdempotencyKey
shopman/backstage/services/gateway_smoke.py,294,IdempotencyKey
shopman/backstage/services/gateway_smoke.py,365,IdempotencyKey
shopman/backstage/services/gateway_smoke.py,433,IdempotencyKey
shopman/backstage/services/production.py,433,IdempotencyKey
shopman/backstage/services/production.py,287,IdempotencyKey
shopman/backstage/services/production.py,742,IdempotencyKey
shopman/backstage/services/production.py,768,IdempotencyKey
shopman/backstage/services/production.py,573,IdempotencyKey
shopman/backstage/services/production.py,516,IdempotencyKey
shopman/backstage/services/production.py,509,IdempotencyKey
shopman/backstage/services/production.py,569,IdempotencyKey
shopman/shop/directives.py,177,IdempotencyKey
shopman/shop/lifecycle.py,342,merge_order_data
shopman/shop/services/courier.py,57,merge_order_data
shopman/shop/services/payment.py,1271,merge_order_data
shopman/shop/services/pos.py,519,IdempotencyKey
shopman/shop/services/pos.py,529,IdempotencyKey
shopman/shop/services/pos.py,507,IdempotencyKey
shopman/shop/services/production.py,286,IdempotencyKey
shopman/shop/services/production.py,350,IdempotencyKey
shopman/shop/services/production.py,337,IdempotencyKey
shopman/shop/services/production.py,324,IdempotencyKey
shopman/shop/services/remote_mutations.py,113,IdempotencyKey
shopman/shop/services/remote_mutations.py,150,IdempotencyKey
shopman/shop/services/remote_mutations.py,166,IdempotencyKey
shopman/shop/services/remote_mutations.py,116,IdempotencyKey
shopman/shop/services/waitlist.py,932,IdempotencyKey
shopman/shop/services/webhook_idempotency.py,24,IdempotencyKey
shopman/shop/services/webhook_idempotency.py,142,IdempotencyKey
shopman/shop/services/webhook_idempotency.py,78,IdempotencyKey
shopman/shop/services/webhook_idempotency.py,69,IdempotencyKey
shopman/shop/services/webhook_idempotency.py,91,IdempotencyKey
shopman/shop/services/webhook_idempotency.py,100,IdempotencyKey
packages/orderman/shopman/orderman/admin.py,879,IdempotencyKey
packages/orderman/shopman/orderman/admin.py,923,IdempotencyKey
packages/orderman/shopman/orderman/management/commands/cleanup_idempotency_keys.py,58,IdempotencyKey
packages/orderman/shopman/orderman/management/commands/cleanup_idempotency_keys.py,62,IdempotencyKey
packages/orderman/shopman/orderman/management/commands/cleanup_idempotency_keys.py,73,IdempotencyKey
packages/orderman/shopman/orderman/services/commit.py,123,IdempotencyKey
packages/orderman/shopman/orderman/services/commit.py,159,IdempotencyKey
packages/orderman/shopman/orderman/services/commit.py,161,IdempotencyKey
packages/orderman/shopman/orderman/services/commit.py,136,IdempotencyKey
packages/orderman/shopman/orderman/services/commit.py,171,IdempotencyKey
