#,sku_yooga,produto,linhas,categoria,sku_atual_sugerido,motivo,SEU_SKU_CORRETO
1,MD,Madeleine,30164,Pães Finos,MADELEINE,nome idêntico,
2,CT,Croissant Tradicional,21298,Pães Finos,CROISSANT,nome contido,
3,PC,Pain Au Chocolat,19709,Pães Finos,PAIN-CHOCOLAT,nome idêntico,
4,CI,Ciabatta,14570,Pães Rústicos,CIABATTA,nome idêntico,
5,CM,Croissant Mini,13195,Pães Finos,CROISSANT,nome contido,
6,BCH,Brioche Chocolat,11983,Pães Finos,,,
7,BBB,Brioche Burger Bun - Unidade,10849,Pães Finos,BRIOCHE-BURGER,parecido 50%,
8,CN,Chausson,10711,Pães Finos,,,
9,TB,Tabatière,9668,Pães Rústicos,TABATIERE,nome idêntico,
10,PH,Hambúrguer Artesanal 100g,9034,Pães Rústicos,,,
11,PR,Pain Aux Raisins,8866,Pães Finos,,,
12,BF,Baguete Francesa,8702,Pães Rústicos,,,
13,FE,Fendu,8590,Pães Rústicos,FENDU,nome idêntico,
14,SS,Espresso,7951,Cafés,ESPRESSO,nome idêntico,
15,BH,Bichon Au Citron,7609,Pães Finos,,,
16,FA,Forma Artesanal - 6 Fatias,7274,Pães Finos,,,
17,PS,Cappuccino,6832,Cafés,CAPPUCCINO,nome idêntico,
18,ME,Melon,6820,Pães Finos,MELON-PAN,nome contido,
19,HO,Hot Dog Vienna,6591,Pães Finos,,,
20,CO,Cornet,6587,Pães Finos,CORNET,nome idêntico,
21,BAP,Baguete Lanche,6546,Pães Rústicos,,,
22,PHO,Pão Para Hot Dog - Unidade,6360,Pães Finos,PAO-HOTDOG,parecido 57%,
23,DL,Deli Milho & Bacon,6029,Pães Finos,,,
24,BAX,Italiano Rústico,5998,Pães Rústicos,,,
25,COC,Cornet de Chocolate,5886,Pães Finos,CORNET,nome contido,
26,CPQ,Croissant Presunto e Queijo,5660,Pães Finos,CROISSANT,nome contido,
27,CF,Baguette Campagne,5518,Pães Rústicos,,,
28,FF,Folhado de Frango,5387,Pães Finos,,,
29,CGO,Pain de Campagne Oval,5012,Pães Rústicos,CAMPAGNE,nome contido,
30,SL,Espresso Macchiato,4899,Cafés,ESPRESSO,nome contido,
31,MA,Maçã,4433,Pães Finos,,,
32,ANC,Coelhinho,4335,Pães Finos,,,
33,JO,Caranguejo,4211,Pães Finos,,,
34,CH,Challah,4110,Pães Finos,,,
35,BE,Baguete Gergelim,3989,Pães Rústicos,BAGUETE-GERGELIM,nome idêntico,
36,BN,Brioche Nanterre,3775,Pães Finos,,,
37,CL,Caffè Latte,2960,Cafés,,,
38,ANU,Ursinho,2841,Pães Finos,,,
39,KP,Kuro Pan,2583,Pães Finos,KURO-PAN,nome idêntico,
40,CPX,Campagne Passas e Castanhas,2476,Pães Rústicos,CAMPAGNE-PASSAS,parecido 75%,
41,CQ,Chocolate Quente,2219,Cafés,,,
42,BA,Bâtard,2076,Pães Rústicos,,,
43,FP,Frappé Chocolate,1589,Cafés,FRAPPE,nome contido,
44,CMO,Croque Monsieur,1537,Sanduíches & Tartines,CROQUE-MONSIEUR,nome idêntico,
45,ANP,Porquinho,1489,Pães Finos,,,
46,MH,Mocha,1398,Cafés,MOCHACCINO,nome contido,
47,MICBT,Mini Focaccia Cebola Bacon e Tomilho,1367,Pães Rústicos,,,
48,FOA,Focaccia Alecrim,1363,Pães Rústicos,,,
49,CBT,"Focaccia Cebola, Bacon e Tomilho",1355,Pães Rústicos,,,
50,MIF,Mini Focaccia Alecrim,1316,Pães Rústicos,,,
51,MBBB,Brioche Burger Bun - Unidade - METADE DO PREÇO,1307,Pães Finos,,,
52,MMD,Madeleine - METADE DO PREÇO,1306,Pães Finos,MADELEINE,nome contido,
53,MC,Mocaccino,1268,Cafés,,,
54,CGR,Pain de Campagne Redondo,1235,Pães Rústicos,CAMPAGNE,nome contido,
55,QQ,Queijo Quente,1164,Sanduíches & Tartines,QUEIJO-QUENTE,nome idêntico,
56,PI,Pita - Unidade,1158,Pães Finos,,,
57,CTV,Chá Tônica Frutas Vermelhas,852,Cafés,,,
58,CMA,Croque Madame,839,Sanduíches & Tartines,CROQUE-MADAME,nome idêntico,
59,MPHO,Pão Para Hot Dog - Unidade - METADE DO PREÇO,823,Pães Finos,,,
60,MFA,Forma Artesanal - 6 Fatias - METADE DO PREÇO,757,Pães Finos,,,
61,KBB,Kuro Pan Burger,679,Pães Finos,KURO-PAN,nome contido,
62,PPU,Pain Perdu,633,Sobremesas,PAIN-PERDU,nome idêntico,
63,SE,Vienna,577,Cafés,,,
64,HI,Chá Hibisco,428,Cafés,,,
65,JB,Jambon Beurre,372,Sanduíches & Tartines,JAMBON-BEURRE,nome idêntico,
66,CCOM,Croque Completo,304,Sanduíches & Tartines,CROQUE-COMPLET,nome contido,
67,COMBO,Soft Chai + Torradas & Patês,290,Festival Chai,,,
68,MCH,Challah - METADE DO PREÇO,274,Pães Finos,,,
69,TX,Taxa de Entrega,243,,,,
70,MBCH,Brioche Chocolat - METADE DO PREÇO,207,Pães Finos,,,
71,MME,Melon - METADE DO PREÇO,182,Pães Finos,,,
72,MKP,Kuro Pan - ( METADE DO PREÇO),177,Pães Finos,KURO-PAN,nome contido,
73,MCT,Croissant Tradicional - METADE DO PREÇO,177,Pães Finos,CROISSANT,nome contido,
74,MIPHO,Mini Pão Para Hot Dog - Unidade,159,Pães Finos,PAO-HOTDOG,parecido 50%,
75,MBN,Brioche Nanterre - METADE DO PREÇO,158,Pães Finos,,,
76,MBBBG,Mini Brioche Burger Bun c/ Gergelim - Unidade,130,Pães Finos,,,
77,MIB,Mini Baguete Francesa,114,Pães Rústicos,MINI-BAGUETE,nome contido,
78,MDL,Deli Milho & Bacon - METADE DO PREÇO,105,Pães Finos,,,
79,MKPB,Kuro Pan Burger - (METADE DO PREÇO),105,Pães Finos,KURO-PAN,nome contido,
80,MIHO,Mini Hot Dog Vienna,93,Pães Finos,,,
81,MPC,Pain Au Chocolat - METADE DO PREÇO,85,Pães Finos,PAIN-CHOCOLAT,nome contido,
82,MPI,Pita - Unidade - METADE DO PREÇO,78,Pães Finos,,,
83,IFOOD_7b8ad920c82b11eea8170d006,Pain au Chocolat,78,Pães Finos,PAIN-CHOCOLAT,nome idêntico,
84,IFOOD_7554d170c82b11ee9bb70dcd9,Ciabatta,65,Pães Rústicos,CIABATTA,nome idêntico,
85,MTB,Tabatière - METADE DO PREÇO,62,Pães Rústicos,TABATIERE,nome contido,
86,MPR,Pain Aux Raisins - METADE DO PREÇO,61,Pães Finos,,,
87,MPH,Hambúrguer Artesanal 100g - METADE DO PREÇO,56,Pães Rústicos,,,
88,MFF,Mini Folhado de Frango,53,Pães Finos,,,
89,MBH,Bichon Au Citron - METADE DO PREÇO,47,Pães Finos,,,
90,MCM,Croissant Mini - METADE DO PREÇO,44,Pães Finos,CROISSANT,nome contido,
91,CHAI_A,Soft Chai Cítrico,40,Bebidas,,,
92,IFOOD_7a2d5980c82b11eead2087b32,Croissant Tradicional,38,Pães Finos,CROISSANT,nome contido,
93,FOC,Focaccia Cebola Roxa,34,Pães Rústicos,,,
94,MBAX,Italiano Rústico - METADE DO PREÇO,30,Pães Rústicos,,,
95,MCPQ,Croissant Presunto e Queijo - METADE DO PREÇO,27,Pães Finos,CROISSANT,nome contido,
96,CIQ,Ciabatta Quadrado,24,Pães Rústicos,CIABATTA,nome contido,
97,MHO,Hot Dog Vienna - METADE DO PREÇO,21,Pães Finos,,,
98,MFE,Fendu - METADE DO PREÇO,20,Pães Rústicos,FENDU,nome contido,
99,MCGO,Pain de Campagne Oval - METADE DO PREÇO,19,Pães Rústicos,CAMPAGNE,nome contido,
100,MCOC,Cornet de Chocolate METADE DO PREÇO,18,Pães Finos,CORNET,nome contido,
101,MIFOC,Mini Focaccia Cebola Roxa,16,Pães Rústicos,,,
102,INTU_P50,Intuição Chai Kãnfa · Pouch 50g,14,Mercearia,,,
103,BEP,Baguete Gergelim Pequena,14,Pães Rústicos,BAGUETE-GERGELIM,nome contido,
104,IFOOD_7cfde5c0c82b11ee97ead58fd,Chausson aux Pommes,14,,,,
105,CHEGO_P50,Aconchego Chai Kãnfa · Pouch 50g,13,Mercearia,,,
106,MCO,Cornet - METADE DO PREÇO,13,Pães Finos,CORNET,nome contido,
107,IFOOD_7ee4ad50c82b11eea051db114,Madeleine,13,Pães Finos,MADELEINE,nome idêntico,
108,MCBT,"Focaccia Cebola, Bacon e Tomilho - METADE DO PREÇO",12,Pães Rústicos,,,
109,MJO,Caranguejo - METADE DO PREÇO,12,Pães Finos,,,
110,INTIMI_P50,Intimidade Kãnfa · Pouch 50g,10,Mercearia,,,
111,MANU,Ursinho - METADE DO PREÇO,9,Pães Finos,,,
112,MMA,Maçã - METADE DO PREÇO,9,Pães Finos,,,
113,IFOOD_76da4710c82b11ee8012e9ac1,Baguete Francesa,8,Pães Rústicos,,,
114,IFOOD_786034b0c82b11ee8da923d29,Baguette de Campagne,8,,BAGUETE,parecido 50%,
115,IFOOD_a8feac8b-0c72-43b6-a067-b9e451585762,Bichon au Citron,8,Pães Finos,,,
116,NAMAS_P50,Namastê Chai Kãnfa · Pouch 50g,7,Mercearia,,,
117,MCPX,Campagne Passas e Castanhas - METADE DO PREÇO,7,Pães Rústicos,,,
118,MMIF,Mini Focaccia Alecrim - METADE DO PREÇO,7,Pães Rústicos,,,
119,IFOOD_51085,Geleia Sabor Quatro Frutas St. Dalfour 284g,7,,,,
120,CHEGO_L50,Aconchego Chai Kãnfa · Lata 50g,6,Mercearia,,,
121,MBAP,Baguete Lanche - METADE DO PREÇO,6,Pães Rústicos,,,
122,MBF,Baguete Francesa - METADE DO PREÇO,6,Pães Rústicos,,,
123,IFOOD_725d98b0c82b11eeac0cf5c65,Queijo-Quente,5,,QUEIJO-QUENTE,nome idêntico,
124,INTU_L70,Intuição Chai Kãnfa · Lata 70g,4,Mercearia,,,
125,NAMAS_L60,Namastê Chai Kãnfa · Lata 60g,4,Mercearia,,,
126,MCI,Ciabatta - Cópia,4,Pães Rústicos,CIABATTA,nome contido,
127,IFOOD_27bf1ad6-2b90-486a-b854-fabc3e19b3cc,Sem itens selecionados,4,,,,
128,IFOOD_89c36650c82b11eeb4433516a,Queijo Camembert Ilde France 125g,4,,QUEIJO-CAMEMBERT,nome contido,
129,VITAL_P50,Vital Chai Kãnfa · Pouch 50g,3,Mercearia,,,
130,SOFIA_P50,Chalosofia Kãnfa · Pouch 50g,3,Mercearia,,,
131,MFOA,Focaccia Alecrim - METADE DO PREÇO,3,Pães Rústicos,,,
132,INTIMI_L50,Intimidade Kãnfa · Lata 50g,3,Mercearia,,,
133,IFOOD_802e7a70c82b11ee9455599ea,Refrigerante Guaraná Wewi Orgânico Garrafa 255ml,3,,,,
134,MAMA_P50,Mama Chai Kãnfa · Pouch 50g,2,Mercearia,,,
135,MMICBT,Mini Focaccia Cebola Bacon e Tomilho - METADE DO PREÇO,2,Pães Rústicos,,,
136,MAMA_L60,Mama Chai Kãnfa · Lata 60g,2,Mercearia,,,
137,MBA,Bâtard - METADE DO PREÇO,2,Pães Rústicos,,,
138,MANP,Porquinho - METADE DO PREÇO,1,Pães Finos,,,
139,MCGR,Pain de Campagne Redondo - METADE DO PREÇO,1,Pães Rústicos,CAMPAGNE,nome contido,
140,MCF,Baguette Campagne - METADE DO PREÇO,1,Pães Rústicos,,,
141,IFOOD_0b721634-fbbe-4b7f-b5a7-edd7d1b72fed,Pain de Campagne,1,,CAMPAGNE,nome idêntico,
142,IFOOD_83282440c82b11eea1345f4df,Refri Natural de Laranja Organico Wewi 255ml,1,,,,
143,IFOOD_6308,Mostarda Maille Dijon Originale 215g,1,,,,
